method,budget,sc,kpc,full_path_completion_rate
random,1,0.6277777777777778,0.10200000000000001,0.0
random,2,0.8985185185185185,0.2486666666666667,0.0
random,3,0.9570370370370369,0.3586666666666667,0.0
random,4,0.9755555555555556,0.37666666666666665,0.0
random,5,0.9874074074074074,0.43666666666666665,0.0
random,6,1.0,0.5353333333333333,0.09
random,7,1.0,0.5713333333333334,0.10333333333333333
random,8,1.0,0.626,0.10666666666666667
random,9,1.0,0.6633333333333333,0.11333333333333333
random,10,1.0,0.6793333333333333,0.12333333333333334
random,11,1.0,0.704,0.15
random,12,1.0,0.732,0.15333333333333332
random,13,1.0,0.7453333333333333,0.15666666666666668
random,14,1.0,0.7646666666666667,0.16333333333333333
random,15,1.0,0.8026666666666668,0.16666666666666666
random,16,1.0,0.8026666666666668,0.16666666666666666
random,17,1.0,0.8106666666666668,0.16666666666666666
random,18,1.0,0.8360000000000001,0.27666666666666667
random,19,1.0,0.864,0.37333333333333335
random,20,1.0,0.864,0.37333333333333335
random,21,1.0,0.8746666666666668,0.3933333333333333
random,22,1.0,0.8746666666666668,0.3933333333333333
random,23,1.0,0.8806666666666666,0.42
random,24,1.0,0.9193333333333333,0.61
random,25,1.0,0.9206666666666666,0.6133333333333333
random,26,1.0,0.9206666666666666,0.6133333333333333
random,27,1.0,0.9213333333333332,0.6166666666666667
random,28,1.0,0.9213333333333332,0.6166666666666667
random,29,1.0,0.9213333333333332,0.6166666666666667
random,30,1.0,0.93,0.66
combination,1,0.8092592592592592,0.1446666666666667,0.0
combination,2,0.9425925925925925,0.3,0.0
combination,3,0.9622222222222223,0.39266666666666666,0.0
combination,4,0.9707407407407408,0.4686666666666666,0.0
combination,5,0.9855555555555556,0.5353333333333333,0.0
combination,6,1.0,0.5753333333333334,0.0
combination,7,1.0,0.5873333333333334,0.0
combination,8,1.0,0.6293333333333334,0.0
combination,9,1.0,0.634,0.0
combination,10,1.0,0.6693333333333333,0.0
combination,11,1.0,0.6933333333333334,0.0033333333333333335
combination,12,1.0,0.7093333333333334,0.0033333333333333335
combination,13,1.0,0.71,0.0033333333333333335
combination,14,1.0,0.7340000000000001,0.0033333333333333335
combination,15,1.0,0.7353333333333333,0.0033333333333333335
combination,16,1.0,0.75,0.0033333333333333335
combination,17,1.0,0.75,0.0033333333333333335
combination,18,1.0,0.752,0.0033333333333333335
combination,19,1.0,0.754,0.0033333333333333335
combination,20,1.0,0.754,0.0033333333333333335
combination,21,1.0,0.7633333333333333,0.0033333333333333335
combination,22,1.0,0.7693333333333334,0.02666666666666667
combination,23,1.0,0.77,0.03
combination,24,1.0,0.8126666666666668,0.11
combination,25,1.0,0.8126666666666668,0.11
combination,26,1.0,0.8293333333333334,0.18333333333333332
combination,27,1.0,0.83,0.18333333333333332
combination,28,1.0,0.8513333333333334,0.2833333333333333
combination,29,1.0,0.8513333333333334,0.2833333333333333
combination,30,1.0,0.8513333333333334,0.2833333333333333
reward,1,0.33888888888888885,0.19666666666666666,0.0
reward,2,0.41037037037037033,0.20933333333333334,0.0
reward,3,0.42148148148148146,0.20933333333333334,0.0
reward,4,0.5488888888888889,0.21533333333333335,0.0
reward,5,0.5496296296296296,0.21733333333333335,0.0
reward,6,0.5837037037037037,0.22933333333333333,0.0
reward,7,0.5837037037037037,0.22933333333333333,0.0
reward,8,0.6181481481481481,0.24666666666666667,0.0
reward,9,0.6192592592592593,0.24666666666666667,0.0
reward,10,0.704074074074074,0.26133333333333336,0.0
reward,11,0.7133333333333334,0.26133333333333336,0.0
reward,12,0.7548148148148147,0.2833333333333333,0.0
reward,13,0.7548148148148147,0.2833333333333333,0.0
reward,14,0.7877777777777777,0.33533333333333337,0.0
reward,15,0.7877777777777777,0.33533333333333337,0.0
reward,16,0.8362962962962963,0.35800000000000004,0.0
reward,17,0.8362962962962963,0.35800000000000004,0.0
reward,18,0.8418518518518519,0.368,0.0
reward,19,0.8418518518518519,0.368,0.0
reward,20,0.8662962962962962,0.37266666666666665,0.0
reward,21,0.8662962962962962,0.37266666666666665,0.0
reward,22,0.8807407407407407,0.3973333333333333,0.0
reward,23,0.8807407407407407,0.3973333333333333,0.0
reward,24,0.8959259259259259,0.4033333333333333,0.0
reward,25,0.8959259259259259,0.4033333333333333,0.0
reward,26,0.8966666666666666,0.4033333333333333,0.0
reward,27,0.8966666666666666,0.4033333333333333,0.0
reward,28,0.9003703703703703,0.4166666666666667,0.0
reward,29,0.9003703703703703,0.41733333333333333,0.0
reward,30,0.9014814814814816,0.4346666666666667,0.0
risk,1,0.7918518518518518,0.4,0.0
risk,2,0.8774074074074074,0.4,0.0
risk,3,1.0,0.7333333333333333,0.0
risk,4,1.0,0.7733333333333333,0.0
risk,5,1.0,0.97,0.85
risk,6,1.0,0.97,0.85
risk,7,1.0,0.97,0.85
risk,8,1.0,0.9966666666666667,0.9833333333333333
risk,9,1.0,0.9966666666666667,0.9833333333333333
risk,10,1.0,1.0,1.0
risk,11,1.0,1.0,1.0
risk,12,1.0,1.0,1.0
risk,13,1.0,1.0,1.0
risk,14,1.0,1.0,1.0
risk,15,1.0,1.0,1.0
risk,16,1.0,1.0,1.0
risk,17,1.0,1.0,1.0
risk,18,1.0,1.0,1.0
risk,19,1.0,1.0,1.0
risk,20,1.0,1.0,1.0
risk,21,1.0,1.0,1.0
risk,22,1.0,1.0,1.0
risk,23,1.0,1.0,1.0
risk,24,1.0,1.0,1.0
risk,25,1.0,1.0,1.0
risk,26,1.0,1.0,1.0
risk,27,1.0,1.0,1.0
risk,28,1.0,1.0,1.0
risk,29,1.0,1.0,1.0
risk,30,1.0,1.0,1.0
